disease_id,disease_name,degree,degree_centrality
320128,Essential hypertension,1381,0.9109498680738786
320536,Electrocardiogram abnormal,1316,0.8680738786279683
432867,Hyperlipidemia,1300,0.8575197889182058
312437,Dyspnea,1047,0.6906332453825857
437677,Abnormal findings on diagnostic imaging of lung,1028,0.6781002638522428
439777,Anemia,962,0.6345646437994723
314658,Cardiomegaly,956,0.6306068601583114
77670,Chest pain,950,0.6266490765171504
197320,Acute renal failure syndrome,940,0.6200527704485488
254061,Pleural effusion,938,0.6187335092348285
313217,Atrial fibrillation,918,0.6055408970976253
319835,Congestive heart failure,916,0.604221635883905
764123,Atherosclerosis of coronary artery without angina pectoris,877,0.5784960422163589
75860,Constipation,862,0.5686015831134564
4144111,Gastroesophageal reflux disease without esophagitis,856,0.5646437994722955
254761,Cough,824,0.5435356200527705
438485,Postoperative state,796,0.525065963060686
44784217,Cardiac arrhythmia,795,0.5244063324538258
4193704,Type 2 diabetes mellitus without complication,788,0.5197889182058048
317002,Low blood pressure,784,0.5171503957783641
4272240,Malaise,770,0.5079155672823219
444070,Tachycardia,764,0.503957783641161
443597,Chronic kidney disease stage 3,752,0.49604221635883905
433595,Edema,751,0.49538258575197885
436096,Chronic pain,744,0.49076517150395776
261880,Atelectasis,741,0.4887862796833773
81902,Urinary tract infectious disease,730,0.48153034300791553
314666,Old myocardial infarction,717,0.4729551451187335
4115173,Atrial premature complex,698,0.4604221635883905
4154290,Paroxysmal atrial fibrillation,695,0.45844327176781
437113,Asthenia,690,0.4551451187335092
201826,Type 2 diabetes mellitus,679,0.44788918205804745
435515,Hypo-osmolality and or hyponatremia,675,0.44525065963060684
436230,Blood chemistry abnormal,673,0.4439313984168865
200219,Abdominal pain,657,0.433377308707124
4192174,Illness,653,0.43073878627968337
194133,Low back pain,653,0.43073878627968337
46271022,Chronic kidney disease,643,0.42414248021108175
4223659,Fatigue,632,0.41688654353562005
436659,Iron deficiency anemia,626,0.4129287598944591
437390,Hypoxemia,622,0.4102902374670185
4089462,Ventricular premature complex,600,0.39577836411609496
433316,Dizziness and giddiness,597,0.3937994722955145
437663,Fever,597,0.3937994722955145
316139,Heart failure,596,0.39313984168865435
436962,Insomnia,579,0.38192612137203164
44782429,Chronic kidney disease due to hypertension,574,0.3786279683377309
40479576,Chronic diastolic heart failure,574,0.3786279683377309
434894,Acute posthemorrhagic anemia,569,0.37532981530343007
40479192,Chronic systolic heart failure,567,0.37401055408970973
4168694,Lung field abnormal,562,0.370712401055409
196523,Diarrhea,559,0.3687335092348285
27674,Nausea and vomiting,559,0.3687335092348285
436222,Altered mental status,557,0.36741424802110817
316999,Conduction disorder of the heart,552,0.36411609498680736
42537748,Acquired absence of organ,551,0.3634564643799472
134736,Backache,549,0.3621372031662269
435517,Acidosis,547,0.3608179419525066
372448,Loss of consciousness,546,0.3601583113456464
31967,Nausea,540,0.35620052770448546
442588,Obstructive sleep apnea syndrome,540,0.35620052770448546
4171917,Localized edema,535,0.3529023746701847
435796,Dehydration,534,0.3522427440633245
40483287,Disorder of kidney and/or ureter,533,0.35158311345646437
4305080,Abnormal breathing,528,0.34828496042216356
43531578,Chronic kidney disease due to type 2 diabetes mellitus,525,0.3463060686015831
31317,Dysphagia,521,0.34366754617414247
132797,Sepsis,521,0.34366754617414247
255848,Pneumonia,518,0.341688654353562
373995,Delirium,510,0.3364116094986807
433736,Obesity,509,0.33575197889182057
4233565,Severe protein-calorie malnutrition (Gomez: less than 60 percent of standard weight),507,0.33443271767810023
439696,Hypertensive heart and renal disease with (congestive) heart failure,506,0.3337730870712401
444101,Hypertensive heart failure,504,0.33245382585751976
437827,Pure hypercholesterolemia,503,0.3317941952506596
432870,Thrombocytopenic disorder,503,0.3317941952506596
314059,Right bundle branch block,492,0.32453825857519786
255573,Chronic obstructive lung disease,490,0.3232189973614776
75909,Disorder of bone,487,0.3212401055408971
378253,Headache,486,0.3205804749340369
437833,Hypokalemia,485,0.31992084432717677
321319,Cardiomyopathy,484,0.31926121372031663
4141360,Chronic atrial fibrillation,483,0.31860158311345643
40481919,Coronary atherosclerosis,483,0.31860158311345643
4188331,Chronic pulmonary edema,481,0.31728232189973615
37311319,Hypovolemia,480,0.31662269129287596
78232,Shoulder joint pain,479,0.3159630606860158
4229440,Chronic congestive heart failure,479,0.3159630606860158
318800,Gastroesophageal reflux disease,478,0.3153034300791557
80180,Osteoarthritis,477,0.3146437994722955
192450,Retention of urine,475,0.3133245382585752
438398,Leukocytosis,474,0.312664907651715
201618,Disorder of intestine,473,0.31200527704485487
314665,Atrial flutter,471,0.31068601583113453
140673,Hypothyroidism,463,0.3054089709762533
377889,Hearing loss,460,0.3034300791556728
317576,Coronary arteriosclerosis,457,0.30145118733509235
4201745,Disorder of digestive system,457,0.30145118733509235
198803,Benign prostatic hyperplasia,456,0.30079155672823216
197672,Urinary incontinence,456,0.30079155672823216
4282096,"Major depression, single episode",451,0.2974934036939314
140214,Eruption,449,0.29617414248021107
42537730,Coronary artery graft present,448,0.2955145118733509
4079750,Osteoarthritis of knee,447,0.29485488126649073
376208,Disorder of soft tissue,444,0.29287598944591026
4268911,Disorientated,441,0.2908970976253298
4170554,Hip pain,438,0.2889182058047493
24134,Neck pain,436,0.287598944591029
314379,First degree atrioventricular block,436,0.287598944591029
45766714,Inflammatory dermatosis,428,0.28232189973614774
4000609,Disorder of upper gastrointestinal tract,427,0.2816622691292876
194984,Disease of liver,425,0.28034300791556727
200174,Disorder of skin and/or subcutaneous tissue,425,0.28034300791556727
440383,Depressive disorder,415,0.2737467018469657
42537729,Aortocoronary bypass graft present,415,0.2737467018469657
4152384,Non-rheumatic aortic sclerosis,415,0.2737467018469657
315078,Palpitations,415,0.2737467018469657
44784439,Benign hypertensive renal disease with renal failure,413,0.27242744063324537
79864,Hematuria syndrome,406,0.2678100263852243
4103295,Ventricular tachycardia,405,0.2671503957783641
443454,Cerebral infarction,403,0.2658311345646438
257907,Disorder of lung,400,0.2638522427440633
443211,Benign prostatic hyperplasia with outflow obstruction,398,0.262532981530343
4275423,Supraventricular tachycardia,398,0.262532981530343
434610,Hyperkalemia,397,0.26187335092348285
4270024,Acute non-ST segment elevation myocardial infarction,397,0.26187335092348285
4180628,Disorder of body system,396,0.26121372031662266
4322175,Late effect of complications of procedure,396,0.26121372031662266
80502,Osteoporosis,395,0.2605540897097625
442077,Anxiety disorder,393,0.2592348284960422
434004,Hypervolemia,393,0.2592348284960422
319041,Orthostatic hypotension,392,0.25857519788918204
136788,Spinal stenosis of lumbar region,391,0.2579155672823219
440674,Gout,391,0.2579155672823219
444239,Postprocedural state finding,390,0.2572559366754617
312934,Atherosclerosis of aorta,390,0.2572559366754617
443601,Chronic kidney disease stage 2,388,0.2559366754617414
4168700,Localized enlarged lymph nodes,384,0.2532981530343008
197988,Generalized abdominal pain,382,0.2519788918205805
436070,Vitamin D deficiency,379,0.25
200843,Finding of frequency of urination,378,0.24934036939313983
375415,Injury of head,378,0.24934036939313983
261600,Acute pulmonary edema,376,0.24802110817941952
4182210,Dementia,373,0.24604221635883905
321052,Peripheral vascular disease,371,0.24472295514511871
4142875,Solitary nodule of lung,371,0.24472295514511871
45768812,Anemia in chronic kidney disease,369,0.2434036939313984
42538119,Transplanted heart valve present,368,0.24274406332453824
37016349,Hyperglycemia due to type 2 diabetes mellitus,367,0.2420844327176781
192671,Gastrointestinal hemorrhage,365,0.24076517150395776
44782719,Chronic combined systolic and diastolic heart failure,363,0.23944591029023746
440417,Pulmonary embolism,362,0.2387862796833773
36712983,Angina co-occurrent and due to coronary arteriosclerosis,361,0.23812664907651715
437247,Anemia of chronic disease,360,0.23746701846965698
4152351,"Abdominal distension, gaseous",359,0.23680738786279681
194081,Acute cystitis,358,0.23614775725593667
40480602,Acute on chronic systolic heart failure,355,0.2341688654353562
135777,Neoplasm of uncertain behavior of skin,354,0.23350923482849603
4134121,Lumbar radiculopathy,354,0.23350923482849603
4169095,Bradycardia,352,0.23218997361477572
316998,Left bundle branch block,350,0.2308707124010554
438720,Mixed hyperlipidemia,348,0.22955145118733508
138825,Actinic keratosis,346,0.22823218997361477
192963,Disorder of pancreas,345,0.2275725593667546
4164898,Diverticulosis of large intestine without diverticulitis,345,0.2275725593667546
4098604,Hypomagnesemia,343,0.2262532981530343
257007,Allergic rhinitis,342,0.22559366754617413
197684,Dysuria,342,0.22559366754617413
314664,Long QT syndrome,342,0.22559366754617413
40481043,Acute on chronic diastolic heart failure,341,0.22493403693931396
200962,Primary malignant neoplasm of prostate,338,0.2229551451187335
442165,Loss of appetite,337,0.22229551451187335
4158911,Non-rheumatic heart valve disorder,337,0.22229551451187335
439147,Amnesia,337,0.22229551451187335
4295336,Left anterior fascicular block,336,0.22163588390501318
319844,Acute ischemic heart disease,335,0.220976253298153
37119138,Iron deficiency anemia due to blood loss,335,0.220976253298153
141932,Senile hyperkeratosis,335,0.220976253298153
45766207,Non-rheumatic mitral valve stenosis with regurgitation,334,0.22031662269129287
434814,Late effect of medical and surgical care complication,332,0.21899736147757254
435788,Disorder of phosphorus metabolism,331,0.2183377308707124
434547,Complication of surgical procedure,330,0.21767810026385223
435829,Rheumatic disease of heart valve,329,0.21701846965699206
4322024,Pulmonary hypertension,329,0.21701846965699206
257011,Acute upper respiratory infection,328,0.21635883905013192
442019,Complication of procedure,327,0.21569920844327176
441258,Anemia in neoplastic disease,327,0.21569920844327176
4110961,Generalized ischemic myocardial dysfunction,326,0.2150395778364116
44782733,Acute on chronic combined systolic and diastolic heart failure,326,0.2150395778364116
4232697,Persistent atrial fibrillation,323,0.2130606860158311
438567,Adult failure to thrive syndrome,321,0.2117414248021108
4346975,Lumbar spondylosis,321,0.2117414248021108
443587,Diastolic heart failure,321,0.2117414248021108
195562,Hemorrhoids,318,0.20976253298153033
443612,Chronic kidney disease stage 4,317,0.2091029023746702
46271075,Acute hypoxemic respiratory failure,315,0.20778364116094986
37016114,Acute on chronic hypoxemic respiratory failure,314,0.20712401055408972
135618,Pruritic rash,313,0.20646437994722955
40321716,Secondary thrombocytopenia,309,0.2038258575197889
4153380,Disorder of carotid artery,303,0.19986807387862796
372892,Metabolic encephalopathy,302,0.19920844327176782
135930,Musculoskeletal finding,302,0.19920844327176782
196236,Septic shock,302,0.19920844327176782
441872,Supraventricular premature beats,302,0.19920844327176782
314054,Aortic valve disorder,301,0.19854881266490765
4117695,Pain in left lower limb,299,0.19722955145118734
4110815,"Sensorineural hearing loss, bilateral",295,0.1945910290237467
372887,Disorder of brain,295,0.1945910290237467
197917,Disorder of biliary tract,295,0.1945910290237467
4058155,Bed-ridden,294,0.19393139841688653
261325,Pulmonary emphysema,294,0.19393139841688653
601619,Pain of right knee joint,293,0.1932717678100264
40304526,Nocturia,293,0.1932717678100264
201072,Benign prostatic hyperplasia without outflow obstruction,291,0.19195250659630606
43530621,Acute postoperative pain,290,0.19129287598944592
438791,Pulmonary congestion and hypostasis,290,0.19129287598944592
312327,Acute myocardial infarction,288,0.18997361477572558
4150125,Persistent pain following procedure,285,0.1879947229551451
4187218,Pneumonitis due to inhaled substance,284,0.18733509234828497
200528,Ascites,284,0.18733509234828497
132736,Bacteremia,284,0.18733509234828497
138384,Acquired hypothyroidism,282,0.18601583113456463
4103703,Melena,282,0.18601583113456463
4311499,Primary malignant neoplasm of respiratory tract,281,0.1853562005277045
442752,Muscle pain,280,0.18469656992084432
443729,Peripheral circulatory disorder due to type 2 diabetes mellitus,280,0.18469656992084432
373503,Transient cerebral ischemia,279,0.18403693931398415
194686,Acquired renal cystic disease,277,0.18271767810026385
374375,Impacted cerumen,276,0.18205804749340368
313459,Sleep apnea,274,0.18073878627968337
432851,Secondary malignant neoplastic disease,274,0.18073878627968337
199074,Acute pancreatitis,273,0.1800791556728232
197381,Epigastric pain,272,0.17941952506596306
314754,Wheezing,271,0.1787598944591029
4214376,Hyperglycemia,271,0.1787598944591029
44784631,Pain due to neoplastic disease,269,0.1774406332453826
4115171,Pain in right lower limb,268,0.17678100263852242
319843,Mitral valve disorder,267,0.17612137203166225
253796,Pneumothorax,267,0.17612137203166225
4090207,Senile asthenia,266,0.17546174142480211
138525,Pain in limb,265,0.17480211081794195
4206148,Syncope and collapse,264,0.17414248021108178
134898,Non-toxic uninodular goiter,262,0.17282321899736147
4174262,Polyneuropathy,261,0.1721635883905013
37311061,COVID-19,260,0.17150395778364116
4092743,Unsteady when standing,258,0.17018469656992083
443392,Malignant neoplastic disease,257,0.1695250659630607
141941,Cervical spondylosis without myelopathy,256,0.16886543535620052
435613,Cellulitis,255,0.16820580474934035
4306267,Coag./bleeding tests abnormal,255,0.16820580474934035
201337,Disorder of bladder,254,0.16754617414248021
437579,Paroxysmal ventricular tachycardia,253,0.16688654353562005
316429,Premature beats,252,0.16622691292875988
74130,Thoracic spondylosis without myelopathy,251,0.16556728232189974
196456,Gallstone,250,0.16490765171503957
40482267,Imaging of gastrointestinal tract abnormal,250,0.16490765171503957
42873170,Dependence on supplemental oxygen,249,0.1642480211081794
198263,Right upper quadrant pain,248,0.16358839050131926
29735,Candidiasis of mouth,248,0.16358839050131926
601622,Pain of left knee region,248,0.16358839050131926
4079749,Osteoarthritis of hip,246,0.16226912928759893
4059015,Falls,245,0.1616094986807388
199754,Primary malignant neoplasm of pancreas,244,0.16094986807387862
321588,Heart disease,243,0.16029023746701845
434657,Weakness of face muscles,242,0.15963060686015831
315085,Lymphadenopathy,241,0.15897097625329815
195771,Secondary diabetes mellitus,240,0.15831134564643798
80816,Degeneration of intervertebral disc,238,0.15699208443271767
4128329,Menopause present,238,0.15699208443271767
443580,Systolic heart failure,237,0.1563324538258575
79908,Muscle weakness,237,0.1563324538258575
372409,Sciatica,235,0.1550131926121372
4108814,Pericardial effusion - noninflammatory,235,0.1550131926121372
432585,Blood coagulation disorder,234,0.15435356200527703
43531681,Acute deep vein thrombosis of lower limb,233,0.1536939313984169
77074,Joint pain,233,0.1536939313984169
193326,Urge incontinence of urine,232,0.15303430079155672
77646,Disorder of bone and articular cartilage,232,0.15303430079155672
194406,Urinary tract obstruction,231,0.15237467018469655
24818,Injury of neck,229,0.15105540897097625
439392,Primary malignant neoplasm,229,0.15105540897097625
37018196,Prediabetes,229,0.15105540897097625
140648,Onychomycosis due to dermatophyte,228,0.15039577836411608
80813,Lumbosacral spondylosis without myelopathy,227,0.14973614775725594
443614,Chronic kidney disease stage 1,227,0.14973614775725594
137977,Jaundice,225,0.1484168865435356
40326053,Dysphonia,224,0.14775725593667546
260139,Acute bronchitis,224,0.14775725593667546
432795,Traumatic or non-traumatic injury,223,0.1470976253298153
201061,Diaphragmatic hernia,223,0.1470976253298153
4330445,Pleuritic pain,222,0.14643799472295513
443410,Infective pneumonia,220,0.14511873350923482
134765,Cachexia,220,0.14511873350923482
77079,Spinal stenosis,219,0.14445910290237465
73840,"Localized, primary osteoarthritis of the shoulder region",217,0.14313984168865435
374888,Dementia associated with another disease,216,0.14248021108179418
437312,Bleeding,216,0.14248021108179418
137053,Seborrheic dermatitis,215,0.14182058047493404
442793,Complication due to diabetes mellitus,214,0.14116094986807387
198571,Cardiogenic shock,214,0.14116094986807387
4094683,Chest injury,213,0.1405013192612137
4112752,Basal cell carcinoma of skin,213,0.1405013192612137
201066,Obstruction of bile duct,212,0.13984168865435356
441408,Vomiting,212,0.13984168865435356
4042728,Blood glucose abnormal,210,0.13852242744063323
4288310,Carotid artery obstruction,207,0.13654353562005275
195856,Cholangitis,207,0.13654353562005275
4111921,Squamous cell carcinoma of skin,207,0.13654353562005275
45768910,Uncomplicated asthma,207,0.13654353562005275
137989,Abnormal results of cardiovascular function studies,206,0.1358839050131926
377091,Seizure,206,0.1358839050131926
4261842,Sick sinus syndrome,205,0.13522427440633245
441051,Thoracic aortic aneurysm without rupture,204,0.13456464379947228
78508,Arthralgia of the ankle and/or foot,203,0.13390501319261214
193782,End-stage renal disease,202,0.13324538258575197
77234,Benign neoplasm of colon,202,0.13324538258575197
433811,Hydronephrosis,202,0.13324538258575197
312648,Benign essential hypertension,202,0.13324538258575197
443611,Chronic kidney disease stage 5,198,0.13060686015831133
4098458,Moderate protein-calorie malnutrition (weight for age 60-74 percent of standard),198,0.13060686015831133
195083,Left lower quadrant pain,197,0.1299472295514512
200845,Urgent desire to urinate,197,0.1299472295514512
374366,Sensorineural hearing loss,196,0.12928759894459102
316822,Heart murmur,196,0.12928759894459102
4041283,General finding of observation of patient,195,0.12862796833773085
441829,Hyperosmolality and or hypernatremia,195,0.12862796833773085
321887,Disorder of artery,193,0.12730870712401055
321318,Angina pectoris,193,0.12730870712401055
45763854,Chronic kidney disease stage 3A,193,0.12730870712401055
4250169,Bifascicular block,190,0.12532981530343007
443257,Swelling / lump finding,190,0.12532981530343007
432582,Neoplastic disease of uncertain behavior,189,0.12467018469656992
435839,Lymphedema,189,0.12467018469656992
4110192,Cerebral infarction due to thrombosis of cerebral arteries,189,0.12467018469656992
4092216,Malignant neoplasm of upper lobe of lung,188,0.12401055408970976
320744,Complete atrioventricular block,188,0.12401055408970976
81611,Diverticular disease of colon,188,0.12401055408970976
72990,Localized osteoarthrosis uncertain if primary OR secondary,187,0.1233509234828496
444044,Acute tubular necrosis,185,0.12203166226912929
78097,Secondary malignant neoplasm of bone,185,0.12203166226912929
444367,Cholelithiasis without obstruction,185,0.12203166226912929
4195677,Rheumatic tricuspid valve regurgitation,184,0.12137203166226912
375545,Cataract,184,0.12137203166226912
4155909,Anesthesia of skin,184,0.12137203166226912
433163,Deficiency of macronutrients,183,0.12071240105540897
44782718,Acute combined systolic and diastolic heart failure,183,0.12071240105540897
4195892,Chronic cor pulmonale,183,0.12071240105540897
40481042,Acute diastolic heart failure,182,0.12005277044854881
4329041,Pain,181,0.11939313984168864
443782,Tremor,181,0.11939313984168864
4111566,Disorders of both mitral and tricuspid valves,180,0.11873350923482849
37110250,Atherosclerosis of artery of lower limb,180,0.11873350923482849
4228361,Asteatosis cutis,180,0.11873350923482849
136497,Scar conditions and fibrosis of skin,180,0.11873350923482849
315286,Chronic ischemic heart disease,179,0.11807387862796834
316993,Tricuspid valve disorder,179,0.11807387862796834
4101362,Finding of urine output,179,0.11807387862796834
36714126,Difficulty walking,178,0.11741424802110817
440320,Infection due to Escherichia coli,178,0.11741424802110817
440029,Viral disease,178,0.11741424802110817
4280354,Nutritional anemia,178,0.11741424802110817
261687,Hemoptysis,177,0.11675461741424802
440649,Primary malignant neoplasm of head of pancreas,177,0.11675461741424802
319049,Acute respiratory failure,177,0.11675461741424802
137379,Musculoskeletal symptom,177,0.11675461741424802
140821,Spasm,176,0.11609498680738786
434056,Late effects of cerebrovascular disease,176,0.11609498680738786
25297,Acute pharyngitis,176,0.11609498680738786
44784621,Hypertensive heart and chronic kidney disease,176,0.11609498680738786
443769,Degeneration of lumbar intervertebral disc,176,0.11609498680738786
4032878,Hair follicle disorder,175,0.1154353562005277
433740,Immunodeficiency disorder,175,0.1154353562005277
438557,Abnormal glucose level,174,0.11477572559366754
317248,Disorder of hematopoietic structure,174,0.11477572559366754
4093347,Stool finding,173,0.11411609498680739
40479625,Atherosclerosis of artery,173,0.11411609498680739
443563,Arteriosclerosis of coronary artery bypass graft,172,0.11345646437994722
192353,Disorder of gallbladder,172,0.11345646437994722
439407,Disorder of nasal cavity,171,0.11279683377308707
4001450,Lumbago with sciatica,171,0.11279683377308707
319826,Secondary hypertension,170,0.11213720316622691
254591,Secondary malignant neoplasm of lung,168,0.11081794195250659
4108235,"Combined disorders of mitral, aortic and tricuspid valves",168,0.11081794195250659
380378,Epilepsy,168,0.11081794195250659
443731,Renal disorder due to type 2 diabetes mellitus,168,0.11081794195250659
443447,Iatrogenic hypotension,166,0.10949868073878627
4070750,Drug-induced constipation,166,0.10949868073878627
4232495,Primary cardiomyopathy,165,0.10883905013192612
4271013,Melanocytic nevus,165,0.10883905013192612
4009585,Abnormal urine,165,0.10883905013192612
40482228,Imaging of thorax abnormal,165,0.10883905013192612
37017182,Joint pain of pelvic region,164,0.10817941952506596
434613,Generalized anxiety disorder,163,0.1075197889182058
4232337,Valvular endocarditis,163,0.1075197889182058
318772,Disorder of pericardium,162,0.10686015831134564
75650,Proteinuria,160,0.10554089709762532
4096196,Mild protein-calorie malnutrition (weight for age 75-89 percent of standard),160,0.10554089709762532
440371,Disorder of immune function,160,0.10554089709762532
376961,Disturbance of consciousness,160,0.10554089709762532
45757363,Hypoglycemia due to type 2 diabetes mellitus,160,0.10554089709762532
40483107,Inflamed seborrheic keratosis,159,0.10488126649076517
72418,Scoliosis deformity of spine,159,0.10488126649076517
4201388,Gastrostomy present,159,0.10488126649076517
201620,Kidney stone,159,0.10488126649076517
4115991,Knee joint effusion,159,0.10488126649076517
378416,Retinal disorder,159,0.10488126649076517
4108234,Multiple valve disease,158,0.10422163588390501
197032,Hyperplasia of prostate,158,0.10422163588390501
257004,Acute exacerbation of chronic obstructive airways disease,158,0.10422163588390501
4140207,Nephrosclerosis,157,0.10356200527704486
3655266,Pleural effusion due to malignant neoplastic disease,155,0.10224274406332454
440424,Aphasia,155,0.10224274406332454
4166126,"Localized swelling, mass and lump, trunk",154,0.10158311345646438
43530666,Dementia with behavioral disturbance,154,0.10158311345646438
4258683,Fecal impaction,153,0.10092348284960422
192279,Disorder of kidney due to diabetes mellitus,152,0.10026385224274406
318448,Second degree atrioventricular block,152,0.10026385224274406
78273,Closed fracture of multiple ribs,151,0.09960422163588391
4308509,Impaired fasting glycemia,150,0.09894459102902374
374034,Visual disturbance,149,0.09828496042216359
133299,Swelling of limb,149,0.09828496042216359
313209,Left bundle branch hemiblock,148,0.09762532981530343
4084229,Primary gout,148,0.09762532981530343
135287,Non-neoplastic nevus,147,0.09696569920844327
4119307,Neurogenic claudication,146,0.09630606860158311
36713107,Lumbar spondylolisthesis,144,0.09498680738786279
432545,Bacterial infectious disease,144,0.09498680738786279
4119786,Interstitial lung disease,143,0.09432717678100264
137945,Pressure ulcer stage 2,143,0.09432717678100264
140480,Impetigo,143,0.09432717678100264
4021915,Hematopoietic system finding,142,0.09366754617414248
4197819,Fibrosis of lung,142,0.09366754617414248
37018854,Hematuria co-occurrent and due to acute cystitis,142,0.09366754617414248
435508,Adrenal cortical hypofunction,142,0.09366754617414248
40481101,Erythema of skin,141,0.09300791556728231
762294,Pain in right foot,141,0.09300791556728231
4225273,Chronic gastritis,141,0.09300791556728231
255841,Chronic bronchitis,141,0.09300791556728231
4145825,Anorectal disorder,141,0.09300791556728231
321314,Abdominal aortic aneurysm without rupture,141,0.09300791556728231
201418,"Flatulence, eructation and gas pain",141,0.09300791556728231
4068482,Prolapsed lumbar intervertebral disc,140,0.09234828496042216
315558,Atherosclerosis of arteries of the extremities,140,0.09234828496042216
439795,Minimal cognitive impairment,140,0.09234828496042216
434005,Morbid obesity,140,0.09234828496042216
4115367,Wrist joint pain,140,0.09234828496042216
4222174,Rheumatic disease of mitral valve,138,0.09102902374670184
433968,Candidiasis,138,0.09102902374670184
437541,Glaucoma,137,0.09036939313984169
443535,Infection due to enterococcus,137,0.09036939313984169
439297,Nuclear senile cataract,137,0.09036939313984169
81106,Acquired genu varum,136,0.08970976253298153
257012,Chronic sinusitis,135,0.08905013192612136
201340,Gastritis,135,0.08905013192612136
137809,Primary malignant neoplasm of female breast,135,0.08905013192612136
138519,Spondylosis without myelopathy,134,0.08839050131926121
444406,Acute subendocardial infarction,133,0.08773087071240106
4310235,Reduced mobility,133,0.08773087071240106
373478,Presbyopia,133,0.08773087071240106
4157456,Primary malignant neoplasm of skin head and neck,133,0.08773087071240106
320746,Cardiomyopathy associated with another disorder,132,0.08707124010554089
78786,Pleurisy,132,0.08707124010554089
134057,Disorder of cardiovascular system,131,0.08641160949868074
45763750,Idiopathic pulmonary fibrosis,131,0.08641160949868074
759852,Cellulitis of left lower limb,131,0.08641160949868074
4256761,Imaging result abnormal,131,0.08641160949868074
4285898,Polyp of colon,131,0.08641160949868074
45770886,Disorder of plasma protein metabolism,130,0.08575197889182058
4266809,Diverticular disease,130,0.08575197889182058
197925,Hemorrhage of rectum and anus,130,0.08575197889182058
141375,Hypertrophic condition of skin,129,0.08509234828496041
4324765,Arthropathy of knee joint,128,0.08443271767810026
437758,Dependence on enabling machine or device,128,0.08443271767810026
133141,Tinea pedis,128,0.08443271767810026
4288544,Inguinal hernia,127,0.08377308707124011
436785,Spinal stenosis in cervical region,127,0.08377308707124011
35624756,Anemia due to and following chemotherapy,127,0.08377308707124011
36712779,Chronic total occlusion of coronary artery,126,0.08311345646437994
4111409,"Aortic incompetence, non-rheumatic",126,0.08311345646437994
4177862,Chronic hypoxemic respiratory failure,126,0.08311345646437994
4182562,Lower abdominal pain,124,0.08179419525065963
435224,Leukopenia,124,0.08179419525065963
37396808,Cancer-related fatigue,124,0.08179419525065963
374384,Cerebral ischemia,123,0.08113456464379946
4121341,Diffuse cerebrovascular disease,123,0.08113456464379946
256449,Bronchiectasis,123,0.08113456464379946
3663197,Glaucoma suspect,122,0.08047493403693931
45763855,Chronic kidney disease stage 3B,122,0.08047493403693931
74728,Synovitis and tenosynovitis,122,0.08047493403693931
4163710,Dilated cardiomyopathy,122,0.08047493403693931
765131,Pain in left foot,122,0.08047493403693931
43021237,Secondary erectile dysfunction,122,0.08047493403693931
201965,Shock,122,0.08047493403693931
374367,Bilateral hearing loss,122,0.08047493403693931
140641,Verruca vulgaris,122,0.08047493403693931
72266,Secondary malignant neoplasm of pleura,121,0.07981530343007916
4111231,Pain in toe,121,0.07981530343007916
138102,Benign neoplasm of skin,121,0.07981530343007916
4155910,"Edema, generalized",121,0.07981530343007916
46272242,Intestinal obstruction co-occurrent and due to decreased peristalsis,120,0.07915567282321899
4317258,Disorder of skin,120,0.07915567282321899
4133224,Lobar pneumonia,119,0.07849604221635884
377910,Deviated nasal septum,119,0.07849604221635884
4298026,Squamous cell carcinoma of skin of face,119,0.07849604221635884
4200056,Finding of vision of eye,119,0.07849604221635884
438028,Poisoning by drug AND/OR medicinal substance,119,0.07849604221635884
36716270,Cyst of kidney,119,0.07849604221635884
4339214,Secondary pulmonary hypertension,119,0.07849604221635884
36713112,Pancytopenia due to antineoplastic chemotherapy,118,0.07783641160949868
4296653,Acute ST segment elevation myocardial infarction,118,0.07783641160949868
75004,Frank hematuria,118,0.07783641160949868
43021974,Complication associated with device,117,0.07717678100263851
4248728,Snoring,116,0.07651715039577836
195581,Peritoneal adhesion,116,0.07651715039577836
36712982,Unstable angina co-occurrent and due to coronary arteriosclerosis,116,0.07651715039577836
438730,Alkalosis,115,0.0758575197889182
435081,Abnormal findings diagnostic imaging heart+coronary circulat,115,0.0758575197889182
321596,Peripheral venous insufficiency,114,0.07519788918205804
4096682,Bleeding from nose,113,0.07453825857519789
439846,Left heart failure,113,0.07453825857519789
195834,Atherosclerosis of renal artery,113,0.07453825857519789
435149,Complication of internal device,113,0.07453825857519789
443622,Aneurysm of thoracic aorta,112,0.07387862796833773
196360,Primary malignant neoplasm of bladder,112,0.07387862796833773
4262562,Abnormal heart beat,111,0.07321899736147756
197675,Incontinence of feces,110,0.07255936675461741
141104,Intervertebral disc disorder of lumbar region with myelopathy,110,0.07255936675461741
36717006,Intermittent claudication of bilateral lower limbs co-occurrent and due to atherosclerosis,110,0.07255936675461741
4002359,Monoclonal gammopathy (clinical),110,0.07255936675461741
4061844,Skin changes due to chronic exposure to non-ionizing radiation,110,0.07255936675461741
4146209,Iron deficiency,110,0.07255936675461741
80189,Displacement of lumbar intervertebral disc without myelopathy,109,0.07189973614775726
315296,Preinfarction syndrome,108,0.07124010554089709
4064036,Generalized skin eruption caused by drug and medicament,108,0.07124010554089709
4024561,Pain in lower limb,108,0.07124010554089709
435511,Hypercalcemia,108,0.07124010554089709
435510,Hypocalcemia,108,0.07124010554089709
4111412,"Tricuspid incompetence, non-rheumatic",107,0.07058047493403694
4254485,Finding related to attentiveness,107,0.07058047493403694
36717267,Ectasia of thoracic aorta,107,0.07058047493403694
74132,Degeneration of lumbosacral intervertebral disc,106,0.06992084432717678
4119158,Neutropenic disorder,106,0.06992084432717678
80951,Candidiasis of urogenital site,106,0.06992084432717678
314487,Pulmonary function studies abnormal,106,0.06992084432717678
77630,Disorder of shoulder,106,0.06992084432717678
4067069,Callosity,105,0.06926121372031661
312998,Pain in thoracic spine,104,0.06860158311345646
4113821,Anxiety state,103,0.0679419525065963
3655355,Erectile dysfunction,103,0.0679419525065963
4248429,Gastric ulcer without hemorrhage AND without perforation,102,0.06728232189973614
4157454,"Primary malignant neoplasm of lower lobe, bronchus or lung",102,0.06728232189973614
441840,Clinical finding,102,0.06728232189973614
4110056,Chronic obstructive pulmonary disease with acute lower respiratory infection,101,0.06662269129287599
440530,Oropharyngeal dysphagia,101,0.06662269129287599
257683,Posterior rhinorrhea,101,0.06662269129287599
4208390,Inflammation of sacroiliac joint,100,0.06596306068601583
4008710,"Stenosis due to any device, implant AND/OR graft",100,0.06596306068601583
40480603,Acute systolic heart failure,100,0.06596306068601583
31610,Disorder of esophagus,100,0.06596306068601583
4198381,Ulcer of duodenum,100,0.06596306068601583
37396146,Gastrointestinal infection,100,0.06596306068601583
440058,Malignant lymphoma of extranodal AND/OR solid organ site,99,0.06530343007915566
4289309,Atrial septal defect,99,0.06530343007915566
381591,Cerebrovascular disease,99,0.06530343007915566
4295624,Squamous cell carcinoma of skin of ear,99,0.06530343007915566
260131,Disorder of bronchus,99,0.06530343007915566
4210746,Localized amyloidosis,99,0.06530343007915566
37309626,Myocardial infarction due to demand ischemia,98,0.06464379947229551
256451,Bronchitis,98,0.06464379947229551
318450,Cardiac tamponade,98,0.06464379947229551
435524,Sleep disorder,98,0.06464379947229551
441969,Radiology result abnormal,98,0.06464379947229551
133810,Hyperparathyroidism due to renal insufficiency,98,0.06464379947229551
37394658,Severe sepsis,98,0.06464379947229551
4224926,Obstruction of esophagus,97,0.06398416886543536
4300704,Diffuse large B-cell lymphoma (nodal/systemic with skin involvement),97,0.06398416886543536
4001664,Intrahepatic bile duct carcinoma,97,0.06398416886543536
319034,Hypertensive heart disease without congestive heart failure,97,0.06398416886543536
197006,Residual hemorrhoidal skin tags,96,0.0633245382585752
4198042,Disorder of bilirubin metabolism,96,0.0633245382585752
37206607,Overactive bladder,95,0.06266490765171503
4256228,Respiratory failure,95,0.06266490765171503
434500,Closed fracture of neck of femur,95,0.06266490765171503
4336254,Dystrophia unguium,95,0.06266490765171503
317009,Asthma,95,0.06266490765171503
442306,Adjustment disorder with depressed mood,94,0.06200527704485488
4116166,Elbow joint pain,94,0.06200527704485488
40484908,Imaging of brain abnormal,94,0.06200527704485488
380094,Carpal tunnel syndrome,93,0.06134564643799472
4077577,Moderate recurrent major depression,93,0.06134564643799472
4320824,Adverse effect of prosthetic device,92,0.06068601583113456
4245842,Umbilical hernia,91,0.060026385224274406
4209423,Nicotine dependence,91,0.060026385224274406
443919,Hypertensive renal failure,91,0.060026385224274406
4108659,Mitral and aortic incompetence,90,0.059366754617414245
40482727,Combined systolic and diastolic dysfunction,90,0.059366754617414245
3656064,Pneumothorax due to and following procedure,89,0.058707124010554085
434490,Chill,88,0.05804749340369393
317305,Stricture of artery,88,0.05804749340369393
198700,Secondary malignant neoplasm of liver,88,0.05804749340369393
136773,Rosacea,88,0.05804749340369393
46270151,Dependence on respiratory device,88,0.05804749340369393
441536,Mixed acid-base balance disorder,87,0.05738786279683377
378427,Tear film insufficiency,87,0.05738786279683377
40481896,Hypertensive urgency,87,0.05738786279683377
435726,Mechanical complication of device,87,0.05738786279683377
604801,Pain of knee region,87,0.05738786279683377
4168217,Generalized hyperhidrosis,86,0.05672823218997361
40481319,Imaging of musculoskeletal system abnormal,86,0.05672823218997361
196151,Functional disorder of intestine,86,0.05672823218997361
4344500,Impingement syndrome of shoulder region,85,0.056068601583113456
432571,Malignant lymphoma,85,0.056068601583113456
437246,Vitamin B deficiency,85,0.056068601583113456
436238,Elevated level of transaminase and lactic acid dehydrogenase,84,0.055408970976253295
374009,Organic mental disorder,84,0.055408970976253295
200485,Pressure ulcer of buttock,84,0.055408970976253295
443600,Localized infection of skin AND/OR subcutaneous tissue,84,0.055408970976253295
73553,Arthropathy,84,0.055408970976253295
378419,Alzheimer's disease,84,0.055408970976253295
72405,Degenerative joint disease of shoulder region,83,0.054749340369393135
432881,Pancytopenia,83,0.054749340369393135
46273539,Acute bronchospasm,83,0.054749340369393135
379832,Mixed conductive AND sensorineural hearing loss,83,0.054749340369393135
43020910,Pulmonary hypertension due to left heart disease,83,0.054749340369393135
316135,Atrioventricular block,83,0.054749340369393135
432738,Chronic fatigue syndrome,82,0.05408970976253298
141095,Acne,82,0.05408970976253298
4196636,Dysarthria,82,0.05408970976253298
198177,Abdominal aortic aneurysm,82,0.05408970976253298
381551,Polyneuropathy due to drug,81,0.05343007915567282
134159,Precordial pain,81,0.05343007915567282
196738,Disorder of male genital organ,81,0.05343007915567282
433208,Disorder of pulmonary circulation,81,0.05343007915567282
136368,Non-toxic multinodular goiter,81,0.05343007915567282
4226991,Xerostomia,80,0.05277044854881266
253797,Post-inflammatory pulmonary fibrosis,80,0.05277044854881266
40484102,Abnormal finding on evaluation procedure,80,0.05277044854881266
4004352,Irritant contact dermatitis,80,0.05277044854881266
40481385,Imaging of abdomen abnormal,80,0.05277044854881266
317302,Sinus node dysfunction,79,0.052110817941952506
443524,Mixed urinary incontinence,79,0.052110817941952506
261326,Viral pneumonia,79,0.052110817941952506
432289,Drug-induced neutropenia,79,0.052110817941952506
4294416,Basal cell carcinoma of ear,79,0.052110817941952506
4286497,Centriacinar emphysema,79,0.052110817941952506
30437,Gastro-esophageal reflux disease with esophagitis,78,0.051451187335092345
436073,Psychotic disorder,78,0.051451187335092345
43530605,Pulmonary embolism with pulmonary infarction,78,0.051451187335092345
432588,Megaloblastic anemia due to vitamin B-12 deficiency,78,0.051451187335092345
4332246,Aneurysm,78,0.051451187335092345
37016768,Autonomic neuropathy due to type 2 diabetes mellitus,77,0.05079155672823219
4171919,"Localized swelling, mass and lump, lower limb",77,0.05079155672823219
4264617,Foot-drop,77,0.05079155672823219
135526,Spinal cord disease,77,0.05079155672823219
434085,Obstruction of duodenum,77,0.05079155672823219
4090425,Altered sensation of skin,76,0.05013192612137203
40482638,Arteriosclerosis of autologous vein coronary artery bypass graft,76,0.05013192612137203
192956,Cholecystitis,74,0.048812664907651716
436339,Bacterial infection due to Klebsiella pneumoniae,74,0.048812664907651716
30753,Esophagitis,74,0.048812664907651716
317003,Compression of vein,74,0.048812664907651716
437530,Disorder of lipid metabolism,74,0.048812664907651716
138841,Disorder of sacrum,74,0.048812664907651716
436136,Dissection of thoracic aorta,74,0.048812664907651716
436676,Posttraumatic stress disorder,74,0.048812664907651716
76153,Low compliance bladder,73,0.048153034300791556
42539582,Acquired absence of genital organ,73,0.048153034300791556
317585,Aortic aneurysm,72,0.047493403693931395
378425,Blepharitis,72,0.047493403693931395
4108356,Cerebral infarction due to embolism of cerebral arteries,72,0.047493403693931395
4166902,Scalp laceration,72,0.047493403693931395
433435,Carcinoma in situ,71,0.04683377308707124
440940,Methicillin resistant Staphylococcus aureus infection,71,0.04683377308707124
192359,Renal failure syndrome,71,0.04683377308707124
440329,Herpes zoster without complication,71,0.04683377308707124
80809,Rheumatoid arthritis,71,0.04683377308707124
318096,Secondary malignant neoplasm of lymph node,71,0.04683377308707124
4168222,"Intra-abdominal and pelvic swelling, mass and lump",71,0.04683377308707124
438867,Generalized aches and pains,71,0.04683377308707124
4275359,Mental alertness - finding,71,0.04683377308707124
197444,Vascular complication of medical care,70,0.04617414248021108
440933,Effects of accidental exposure to external cause,70,0.04617414248021108
40481920,Periumbilical pain,69,0.04551451187335092
37017432,Polyneuropathy due to type 2 diabetes mellitus,69,0.04551451187335092
45768480,Longstanding persistent atrial fibrillation,68,0.044854881266490766
4202383,Drug-induced diabetes mellitus,68,0.044854881266490766
762296,Pain in right hand,68,0.044854881266490766
433753,Alcohol abuse,68,0.044854881266490766
373764,Toxic encephalopathy,68,0.044854881266490766
759853,Cellulitis of right lower limb,68,0.044854881266490766
432869,Hemorrhagic disorder due to circulating anticoagulants,67,0.044195250659630606
43022062,Cardiovascular system complication of procedure,67,0.044195250659630606
4340960,Idiopathic acute pancreatitis,67,0.044195250659630606
201078,Atrophic vaginitis,67,0.044195250659630606
45757559,Pharyngeal dysphagia,67,0.044195250659630606
4242574,Intertrigo,67,0.044195250659630606
46286594,Problem related to lifestyle,67,0.044195250659630606
4168212,Restlessness and agitation,67,0.044195250659630606
4228802,Mild recurrent major depression,67,0.044195250659630606
46273652,Secondary malignant neoplasm of left lung,67,0.044195250659630606
80008,Breakage of joint prosthesis,66,0.043535620052770445
200447,Gastrointestinal complication,66,0.043535620052770445
4172970,Nontraumatic rotator cuff tear,66,0.043535620052770445
436581,Accidental poisoning,66,0.043535620052770445
4201390,Colostomy present,65,0.04287598944591029
4031164,Non-scarring alopecia,65,0.04287598944591029
4236484,Paresthesia,65,0.04287598944591029
439751,Secondary malignant neoplasm of intrathoracic lymph nodes,65,0.04287598944591029
4246451,Secondary malignant neoplasm of brain,65,0.04287598944591029
4154168,Pelvic injury,65,0.04287598944591029
4059290,Steatosis of liver,65,0.04287598944591029
24609,Hypoglycemia,65,0.04287598944591029
377574,Presbycusis,65,0.04287598944591029
138994,Myelodysplastic syndrome (clinical),64,0.04221635883905013
197324,Disorder of peritoneum,64,0.04221635883905013
4040820,Rheumatic disease of mitral AND aortic valves,64,0.04221635883905013
198520,Lumbar spondylosis with myelopathy,64,0.04221635883905013
4320332,Hydrocele of tunica vaginalis,63,0.04155672823218997
4132130,Dilatation of aorta,63,0.04155672823218997
317898,Malignant essential hypertension,63,0.04155672823218997
443530,Hematochezia,63,0.04155672823218997
4038838,Non-Hodgkin's lymphoma (clinical),63,0.04155672823218997
321042,Cardiac arrest,63,0.04155672823218997
433701,Mycosis,63,0.04155672823218997
4188155,Hernia of anterior abdominal wall,62,0.040897097625329816
135893,Pressure ulcer of heel,62,0.040897097625329816
192680,Portal hypertension,62,0.040897097625329816
4147829,Pain in pelvis,62,0.040897097625329816
4041285,Urogenital finding,62,0.040897097625329816
201461,Disorder affecting transplanted structure,62,0.040897097625329816
377286,Visual field defect,61,0.040237467018469655
439928,Gangrenous disorder,61,0.040237467018469655
26662,Testicular hypofunction,61,0.040237467018469655
137275,Disorder of muscle,61,0.040237467018469655
4025325,Periapical abscess,61,0.040237467018469655
437986,Failure to thrive,60,0.039577836411609495
140168,Psoriasis,60,0.039577836411609495
317895,Renovascular hypertension,59,0.03891820580474934
43530807,Allergic disposition,59,0.03891820580474934
192360,Cyst and pseudocyst of pancreas,59,0.03891820580474934
257315,Bacterial pneumonia,59,0.03891820580474934
441417,Incoordination,59,0.03891820580474934
133834,Atopic dermatitis,59,0.03891820580474934
257503,Primary malignant neoplasm of main bronchus,58,0.03825857519788918
320420,Vitreous degeneration,58,0.03825857519788918
436093,Disseminated intravascular coagulation,58,0.03825857519788918
4160464,Pseudofolliculitis barbae,58,0.03825857519788918
45757591,Osteophyte of bone,57,0.03759894459102902
72993,"Localized, primary osteoarthritis",57,0.03759894459102902
137820,Postoperative hypothyroidism,57,0.03759894459102902
4282316,Recurrent major depression,57,0.03759894459102902
192683,Uterovaginal prolapse,57,0.03759894459102902
435243,Alcohol dependence,56,0.036939313984168866
4344387,Bone necrosis,56,0.036939313984168866
4353709,Intracerebral vascular finding,56,0.036939313984168866
4115170,Pain in right arm,56,0.036939313984168866
4295261,Postmenopausal state,56,0.036939313984168866
312349,Venous varices,56,0.036939313984168866
134441,Chronic ulcer of skin,56,0.036939313984168866
437992,Renal function tests abnormal,56,0.036939313984168866
432899,Normal pressure hydrocephalus,56,0.036939313984168866
78474,Hypertrophy of breast,56,0.036939313984168866
435220,Severe recurrent major depression without psychotic features,56,0.036939313984168866
4003171,Benign neoplasm of meninges,56,0.036939313984168866
4092879,Absent kidney,56,0.036939313984168866
44782760,Acute thrombosis of superficial vein of upper extremity,56,0.036939313984168866
4307981,Clostridium difficile colitis,55,0.036279683377308705
132841,Malignant lymphoma of lymph nodes of multiple sites,55,0.036279683377308705
4216894,Precipitous drop in hematocrit,54,0.035620052770448545
76240,Closed fracture pubis,54,0.035620052770448545
46270027,Pneumonia due to methicillin resistant Staphylococcus aureus,54,0.035620052770448545
138225,Disorder of sebaceous gland,54,0.035620052770448545
380733,Otalgia,54,0.035620052770448545
379010,Epiretinal membrane,54,0.035620052770448545
200765,Chronic cholecystitis,54,0.035620052770448545
4028253,Neoplasm of digestive system,54,0.035620052770448545
4195085,Nasal congestion,54,0.035620052770448545
40480893,Nonspecific tuberculin test reaction,54,0.035620052770448545
45769461,Non-rheumatic mitral valve disease,54,0.035620052770448545
313221,Rheumatic aortic stenosis,54,0.035620052770448545
4033848,Post-inflammatory hyperpigmentation,54,0.035620052770448545
433031,Hallucinations,53,0.03496042216358839
432595,Amyloidosis,53,0.03496042216358839
438725,Disorder of magnesium metabolism,53,0.03496042216358839
435753,Malignant lymphoma of intrathoracic lymph nodes,53,0.03496042216358839
37016882,Dissection of thoracoabdominal aorta,53,0.03496042216358839
4023310,Blindness AND/OR vision impairment level,53,0.03496042216358839
35624757,Neutropenia due to and following chemotherapy,53,0.03496042216358839
4172432,Hyperpigmentation of skin,52,0.03430079155672823
4232691,Permanent atrial fibrillation,52,0.03430079155672823
40483262,Arthritis of shoulder region joint,52,0.03430079155672823
438134,Hypersomnia,52,0.03430079155672823
441541,Lymphocytopenia,52,0.03430079155672823
132706,Disorder of nail,52,0.03430079155672823
4108817,"Tricuspid valve disorder, non-rheumatic",52,0.03430079155672823
44783028,Injury of shoulder and upper arm,51,0.03364116094986807
376063,Benign neoplasm of cerebral meninges,51,0.03364116094986807
4177944,Panacinar emphysema,51,0.03364116094986807
4245252,Raised prostate specific antigen,51,0.03364116094986807
4204199,Hand pain,51,0.03364116094986807
26823,Oral phase dysphagia,51,0.03364116094986807
192667,Atrophic gastritis,51,0.03364116094986807
4120275,Drug-induced hypotension,50,0.032981530343007916
73754,Restless legs,50,0.032981530343007916
4064161,Cirrhosis of liver,50,0.032981530343007916
261599,Vocal cord paralysis,49,0.032321899736147755
28974,Candidiasis of the esophagus,49,0.032321899736147755
75576,Irritable bowel syndrome,49,0.032321899736147755
444100,Mood disorder,48,0.0316622691292876
444411,Carcinoma in situ of skin of trunk,48,0.0316622691292876
133729,Hyperparathyroidism,48,0.0316622691292876
36714994,Typical atrial flutter,48,0.0316622691292876
40484571,Disorder of joint of shoulder region,48,0.0316622691292876
4115027,Squamous cell carcinoma of skin of upper lip,47,0.03100263852242744
432451,Abnormal results function studies of central nervous system,47,0.03100263852242744
4273632,Right ventricular failure,47,0.03100263852242744
438252,Spontaneous ecchymosis,47,0.03100263852242744
437461,Disorder of prosthetic cardiac valve,47,0.03100263852242744
4008576,Diabetes mellitus without complication,47,0.03100263852242744
200757,Abscess of peritoneum,47,0.03100263852242744
4175154,Disorder of the peripheral nervous system,47,0.03100263852242744
44782690,Chronic kidney disease stage 5 due to hypertension,47,0.03100263852242744
373474,Diplopia,47,0.03100263852242744
439040,Subdural hemorrhage,46,0.03034300791556728
4301427,Squamous cell carcinoma of upper extremity,46,0.03034300791556728
4027396,Peripheral neuritis,46,0.03034300791556728
444410,Carcinoma in situ of skin of ear,46,0.03034300791556728
4207539,Syndrome of inappropriate vasopressin secretion,46,0.03034300791556728
436665,Bipolar disorder,46,0.03034300791556728
142026,Disorder of cardiovascular prostheses and implants,46,0.03034300791556728
139750,Primary malignant neoplasm of skin,46,0.03034300791556728
197331,Disorder of urinary tract,46,0.03034300791556728
43020424,Hypertensive emergency,46,0.03034300791556728
440083,Acute stress disorder,45,0.029683377308707123
4237062,Mural thrombus of heart,45,0.029683377308707123
373425,Secondary malignant neoplasm of nervous system,45,0.029683377308707123
444247,Venous thrombosis,45,0.029683377308707123
4050884,Pleural plaque,45,0.029683377308707123
44782732,Chronic pulmonary embolism,45,0.029683377308707123
4079687,Tumor lysis syndrome,45,0.029683377308707123
40491960,Sepsis due to methicillin resistant Staphylococcus aureus,45,0.029683377308707123
192273,Benign neoplasm of adrenal gland,44,0.029023746701846966
194993,Intestinal malabsorption,44,0.029023746701846966
437176,Late effect of accidental fall,44,0.029023746701846966
439154,Abnormal findings on diagnostic imaging of skull and head,44,0.029023746701846966
4158910,Secondary malignant neoplasm of unknown site,44,0.029023746701846966
374044,Ptosis of eyelid,44,0.029023746701846966
46273719,Acute hypercapnic respiratory failure,44,0.029023746701846966
135333,Pressure ulcer,44,0.029023746701846966
4166125,"Localized swelling, mass and lump, neck",44,0.029023746701846966
4059452,Glomerular disease,44,0.029023746701846966
198809,Acute cholecystitis,44,0.029023746701846966
4302537,Digestive system finding,44,0.029023746701846966
46269946,Sepsis caused by Enterococcus,44,0.029023746701846966
261881,Trauma and postoperative pulmonary insufficiency,44,0.029023746701846966
134116,Dermatitis due to drug AND/OR medicine taken internally,44,0.029023746701846966
43021227,Allergic condition,44,0.029023746701846966
36716978,Acute on chronic hypercapnic respiratory failure,44,0.029023746701846966
4216397,Nerve root disorder,44,0.029023746701846966
193520,Urinary bladder stone,43,0.028364116094986805
72407,Effusion of joint of shoulder region,43,0.028364116094986805
4146581,Mild intermittent asthma,43,0.028364116094986805
195596,Chronic pancreatitis,43,0.028364116094986805
78505,"Localized, primary osteoarthritis of the ankle and/or foot",43,0.028364116094986805
253790,Pneumonia due to Klebsiella pneumoniae,43,0.028364116094986805
133726,Carcinoma in situ of skin of face,43,0.028364116094986805
4211001,Chronic gastric ulcer with hemorrhage,43,0.028364116094986805
36712986,Atypical atrial flutter,43,0.028364116094986805
46270513,Secondary malignant neoplasm of right lung,43,0.028364116094986805
200349,Malignant lymphoma of intra-abdominal lymph nodes,43,0.028364116094986805
40487064,Sepsis due to Escherichia coli,42,0.027704485488126648
437474,Postoperative infection,42,0.027704485488126648
40492458,Neoplasm of uncertain behavior of digestive organ,42,0.027704485488126648
74138,Pathological fracture of vertebra,42,0.027704485488126648
4280726,Seasonal allergic rhinitis,42,0.027704485488126648
380111,Acute atopic conjunctivitis,42,0.027704485488126648
254443,Sjgren's syndrome,42,0.027704485488126648
4151985,Lower back injury,42,0.027704485488126648
4284982,Calculus of bile duct without obstruction,41,0.02704485488126649
4138617,Psychophysiologic insomnia,41,0.02704485488126649
44782819,Chronic occlusion of artery of extremity,41,0.02704485488126649
4191650,Acute respiratory distress,41,0.02704485488126649
374313,Neoplasm of uncertain behavior of soft tissues,41,0.02704485488126649
320425,Heart block,41,0.02704485488126649
439005,Chronic alcoholism in remission,41,0.02704485488126649
255919,Finding of head and neck region,41,0.02704485488126649
377575,Tinnitus,41,0.02704485488126649
4125590,Slurred speech,40,0.02638522427440633
314962,Raynaud's disease,40,0.02638522427440633
444264,Thrombosis of iliac artery,40,0.02638522427440633
193144,Secondary malignant neoplasm of adrenal gland,40,0.02638522427440633
4012368,Increased frequency of urination,40,0.02638522427440633
40483794,Degenerative joint disease of pelvis,40,0.02638522427440633
4083556,Seronegative rheumatoid arthritis,40,0.02638522427440633
140352,"Acute myeloid leukemia, disease",40,0.02638522427440633
432863,Acquired coagulation factor deficiency,39,0.025725593667546173
4100065,Disease due to Coronaviridae,39,0.025725593667546173
134668,Chronic maxillary sinusitis,39,0.025725593667546173
4167097,Spondylolisthesis,39,0.025725593667546173
200527,Splenomegaly,39,0.025725593667546173
4079499,Convalescence after radiotherapy,39,0.025725593667546173
318459,Respiratory insufficiency,39,0.025725593667546173
4008220,"Closed fracture lumbar vertebra, wedge",39,0.025725593667546173
4084966,Candida infection of genital region,38,0.025065963060686015
381270,Parkinson's disease,38,0.025065963060686015
4242669,Biventricular congestive heart failure,38,0.025065963060686015
46269921,Oral ulcerative mucositis due to antineoplastic therapy,38,0.025065963060686015
4170145,Absence of lung,38,0.025065963060686015
317376,Tachypnea,38,0.025065963060686015
4100857,Extreme obesity with alveolar hypoventilation,38,0.025065963060686015
4152592,Lumbosacral stenosis,38,0.025065963060686015
192735,Malignant ascites,38,0.025065963060686015
140842,Changes in skin texture,37,0.024406332453825858
75865,Disorder of the urinary system,37,0.024406332453825858
443785,Calculus of gallbladder with cholecystitis,37,0.024406332453825858
200451,Chronic passive congestion of liver,37,0.024406332453825858
374905,Non-organic sleep disorder,37,0.024406332453825858
81151,Sprain of ankle,37,0.024406332453825858
4160859,Methicillin resistant Staphylococcus aureus carrier,37,0.024406332453825858
4147183,General symptom,37,0.024406332453825858
4121463,Postoperative cardiac complication,37,0.024406332453825858
4224741,Degenerative disorder of macula,37,0.024406332453825858
434622,Deficiency anemias,36,0.023746701846965697
444131,Injury of lower leg,36,0.023746701846965697
4085586,"Thrombus due to any device, implant AND/OR graft",36,0.023746701846965697
4265485,Bacteriuria,36,0.023746701846965697
199064,Chronic vascular insufficiency of intestine,36,0.023746701846965697
37109056,Vascular dementia without behavioral disturbance,36,0.023746701846965697
79240,Prosthetic joint dislocation,36,0.023746701846965697
432875,Anemia due to chronic blood loss,36,0.023746701846965697
374022,Hemiplegia,36,0.023746701846965697
435459,Staphylococcal infectious disease,36,0.023746701846965697
201613,Chronic nonalcoholic liver disease,36,0.023746701846965697
320739,Dissection of aorta,36,0.023746701846965697
380706,Regular astigmatism,36,0.023746701846965697
444084,Extrinsic allergic alveolitis,36,0.023746701846965697
4140438,Chronic hypercapnic respiratory failure,36,0.023746701846965697
314131,Degeneration of cervical intervertebral disc,36,0.023746701846965697
442774,Intermittent claudication,35,0.02308707124010554
4055201,Angiodysplasia of colon,35,0.02308707124010554
320136,Disorder of respiratory system,35,0.02308707124010554
77631,"Localized, secondary osteoarthritis of the shoulder region",34,0.022427440633245383
4156515,Malnutrition (calorie),34,0.022427440633245383
4168701,"Localized swelling, mass and lump, upper limb",34,0.022427440633245383
193252,Diverticulosis of small intestine,34,0.022427440633245383
440360,Pure hyperglyceridemia,34,0.022427440633245383
4010963,Cramp in lower leg associated with rest,34,0.022427440633245383
435565,Embolism and thrombosis of the vena cava,34,0.022427440633245383
4114222,Malignant tumor of head and neck,34,0.022427440633245383
316428,Hypertrophic obstructive cardiomyopathy,33,0.021767810026385222
4300092,Cannabis-induced organic mental disorder,33,0.021767810026385222
4307254,Closed fracture,33,0.021767810026385222
198124,Kidney disease,33,0.021767810026385222
198464,Incisional hernia,33,0.021767810026385222
433813,Bladder neck obstruction,33,0.021767810026385222
192357,Paralytic ileus,33,0.021767810026385222
198985,Primary malignant neoplasm of kidney,33,0.021767810026385222
78472,Microscopic hematuria,33,0.021767810026385222
435786,Disorder of sleep-wake cycle,33,0.021767810026385222
4115169,Pain in left arm,32,0.021108179419525065
74582,Primary malignant neoplasm of rectum,32,0.021108179419525065
4168666,Cerebral degeneration,32,0.021108179419525065
44782743,Acute deep venous thrombosis of popliteal vein,32,0.021108179419525065
4013643,Pulmonary arterial hypertension,32,0.021108179419525065
133228,Dental caries,32,0.021108179419525065
4045749,Cerebral amyloid angiopathy,32,0.021108179419525065
443238,Diabetic - poor control,32,0.021108179419525065
4117779,Peripheral nerve disease,32,0.021108179419525065
314171,Low blood pressure reading,32,0.021108179419525065
4331284,Contusion of scalp,32,0.021108179419525065
257755,Complication of transplanted lung,31,0.020448548812664908
432461,Closed fracture of shaft of clavicle,31,0.020448548812664908
43530727,Spontaneous cerebral hemorrhage,31,0.020448548812664908
43020567,Air leaking from lung,31,0.020448548812664908
42539698,Transplanted lung present,31,0.020448548812664908
435119,Late effect of injury,31,0.020448548812664908
432463,Closed fracture of acromial end of clavicle,31,0.020448548812664908
4207623,Lung transplant rejection,31,0.020448548812664908
133725,Carcinoma in situ of skin of lip,31,0.020448548812664908
78236,Muscle atrophy,31,0.020448548812664908
4144112,Adult hypertrophic pyloric stenosis,31,0.020448548812664908
319845,Pulmonary valve disorder,31,0.020448548812664908
43530742,Paralytic syndrome on one side of the body as late effect of cerebrovascular accident,31,0.020448548812664908
77030,Disorder of breast,30,0.019788918205804747
4069320,Pseudarthrosis after fusion or arthrodesis,30,0.019788918205804747
35622958,Disorder in remission,30,0.019788918205804747
4306292,Upper abdominal pain,30,0.019788918205804747
4025938,Pressure ulcer of sacral region,30,0.019788918205804747
252662,Tracheobronchial disorder,30,0.019788918205804747
132393,Pressure ulcer stage 1,30,0.019788918205804747
46272380,Chronic gout without tophus,30,0.019788918205804747
4008556,Pseudocyst of pancreas,30,0.019788918205804747
4273391,Suicidal thoughts,30,0.019788918205804747
4297667,Basal cell carcinoma of upper extremity,30,0.019788918205804747
4017107,Traumatic subdural hemorrhage,30,0.019788918205804747
193519,Impaired renal function disorder,29,0.01912928759894459
75036,"Localized, primary osteoarthritis of the hand",29,0.01912928759894459
438112,Neoplastic disease,29,0.01912928759894459
193165,Disorder of adrenal gland,29,0.01912928759894459
200618,Postoperative shock,29,0.01912928759894459
4148486,Postprocedural respiratory failure,29,0.01912928759894459
46273463,Upper respiratory tract infection due to Influenza,28,0.018469656992084433
141253,Disorder of thyroid gland,28,0.018469656992084433
441830,Disorder of fluid AND/OR electrolyte,28,0.018469656992084433
4281826,Lymphocytosis,28,0.018469656992084433
442555,Breathing painful,28,0.018469656992084433
4027663,Peptic ulcer,28,0.018469656992084433
256723,Pneumonia and influenza,28,0.018469656992084433
443465,Dysphagia as a late effect of cerebrovascular accident,28,0.018469656992084433
4137468,Abscess of skin and/or subcutaneous tissue,28,0.018469656992084433
432250,Disorder due to infection,28,0.018469656992084433
443421,Gallbladder and bile duct calculi,27,0.017810026385224272
4111709,Non-traumatic subdural hemorrhage,27,0.017810026385224272
321661,Spinal stenosis of thoracic region,27,0.017810026385224272
4334801,Surgical site infection,27,0.017810026385224272
318169,Varicose veins of lower extremity,27,0.017810026385224272
197610,Cyst of ovary,27,0.017810026385224272
199075,Neurogenic bladder,27,0.017810026385224272
4141454,Recurrent major depression in partial remission,27,0.017810026385224272
433596,Abnormal sputum,27,0.017810026385224272
432933,Aneurysm of artery of lower extremity,27,0.017810026385224272
316211,Acquired spondylolisthesis,27,0.017810026385224272
440032,Cytomegalovirus infection,27,0.017810026385224272
443702,Abnormal response to nerve stimulation,26,0.017150395778364115
44782747,Acute deep venous thrombosis of femoral vein,26,0.017150395778364115
435752,Primary malignant neoplasm of duodenum,26,0.017150395778364115
4176892,Cortical hemorrhage,26,0.017150395778364115
4291304,Dermatosis of eyelid,26,0.017150395778364115
437498,Primary malignant neoplasm of tongue,26,0.017150395778364115
135340,Pressure ulcer stage 3,26,0.017150395778364115
441415,Electromyogram abnormal,26,0.017150395778364115
4164639,Blind left eye,26,0.017150395778364115
197500,Primary malignant neoplasm of colon,26,0.017150395778364115
444122,Calculus of bile duct with obstruction,25,0.016490765171503958
434169,Abnormal findings on diagnostic imaging of breast,25,0.016490765171503958
444444,Benign neoplasm of transverse colon,25,0.016490765171503958
4112334,Idiopathic hypotension,25,0.016490765171503958
321315,Trifascicular block,25,0.016490765171503958
42537304,Hydronephrosis due to calculus of kidney and ureter,25,0.016490765171503958
437382,Urine finding,25,0.016490765171503958
36715792,Acquired absence of breast,25,0.016490765171503958
193322,Right lower quadrant pain,25,0.016490765171503958
43022069,Primary central sleep apnea,25,0.016490765171503958
440814,Torticollis,25,0.016490765171503958
36684319,Adjustment disorder with mixed anxiety and depressed mood,25,0.016490765171503958
372604,Movement disorder,25,0.016490765171503958
44784105,Injury of free lower limb,25,0.016490765171503958
4286676,Acquired deformity of rib,25,0.016490765171503958
46273390,Dependence on respirator,25,0.016490765171503958
4187240,Disorder of aorta,25,0.016490765171503958
376124,Pinguecula,25,0.016490765171503958
40486896,Primary malignant neoplasm of extrahepatic bile duct,25,0.016490765171503958
44783628,Pulmonary hypertension due to lung disease and/or hypoxia,25,0.016490765171503958
44782549,Disorder of vertebral column,25,0.016490765171503958
4307774,Acute lower respiratory tract infection,25,0.016490765171503958
25572,Disorder of salivary gland,24,0.0158311345646438
439199,Open wound without complication,24,0.0158311345646438
442012,"Mechanical complication of genitourinary device, implant AND/OR graft",24,0.0158311345646438
201069,"Peptic ulcer without hemorrhage, without perforation AND without obstruction",24,0.0158311345646438
78619,Contusion of knee,24,0.0158311345646438
314971,Chronic respiratory failure,24,0.0158311345646438
46269757,Chronic ulcer of skin of lower leg,24,0.0158311345646438
4165998,Generalized enlarged lymph nodes,24,0.0158311345646438
321107,Congenital insufficiency of aortic valve,24,0.0158311345646438
437027,Hemorrhagic duodenitis,24,0.0158311345646438
40482237,Hemiplegia of dominant side,24,0.0158311345646438
4138760,Exacerbation of intermittent asthma,24,0.0158311345646438
608177,Myelopathy due to cervical spondylosis,24,0.0158311345646438
75128,Injury of chest wall,24,0.0158311345646438
4175807,Rheumatic disease of tricuspid valve,24,0.0158311345646438
442108,Benign neoplasm of cecum,23,0.01517150395778364
73571,Pathological fracture,23,0.01517150395778364
79061,Slow transit constipation,23,0.01517150395778364
40483189,Arteriosclerosis of arterial coronary artery bypass graft,23,0.01517150395778364
196724,Disorder of diaphragm,23,0.01517150395778364
318174,Phlebitis,23,0.01517150395778364
4110937,Non-rheumatic mitral valve stenosis,23,0.01517150395778364
376690,Cerebral edema,23,0.01517150395778364
4156114,Primary malignant neoplasm of border of tongue,23,0.01517150395778364
36715748,Fracture of fourth lumbar vertebra,23,0.01517150395778364
4186463,Exocrine pancreatic insufficiency,23,0.01517150395778364
36712860,Non-infectious systemic inflammatory response syndrome without acute organ failure,23,0.01517150395778364
4003404,Inactive tuberculosis,23,0.01517150395778364
195007,Female stress incontinence,23,0.01517150395778364
4263360,Fracture of pubis,22,0.014511873350923483
4057432,Mediastinal emphysema,22,0.014511873350923483
4341763,Gallstone acute pancreatitis,22,0.014511873350923483
79936,Polyuria,22,0.014511873350923483
4256889,Dissection of abdominal aorta,22,0.014511873350923483
4009186,Arcus senilis,22,0.014511873350923483
4280071,Thrombocytosis,22,0.014511873350923483
4028387,Disorder of integument,22,0.014511873350923483
40493038,Sepsis due to Gram negative bacteria,22,0.014511873350923483
26727,Hematemesis,22,0.014511873350923483
193518,Intestinal obstruction,22,0.014511873350923483
74125,Inflammatory polyarthropathy,22,0.014511873350923483
4245385,Displacement of cardiac device,22,0.014511873350923483
441202,Anaphylaxis,22,0.014511873350923483
198202,Cystocele,22,0.014511873350923483
75065,Acquired deformity of spine,21,0.013852242744063324
137548,Cervical radiculopathy,21,0.013852242744063324
4234997,Disorder of vein,21,0.013852242744063324
198371,Secondary malignant neoplasm of small intestine,21,0.013852242744063324
4153359,Arthritis of spine,21,0.013852242744063324
4308390,Mechanical complication of bile duct prosthesis,21,0.013852242744063324
135772,Goiter,21,0.013852242744063324
4306923,Chronic idiopathic constipation,21,0.013852242744063324
138387,Thyrotoxicosis,21,0.013852242744063324
442104,Benign neoplasm of descending colon,21,0.013852242744063324
199767,Neoplasm of uncertain behavior of liver and/or biliary passages,21,0.013852242744063324
37016130,Lesion of oral mucosa,21,0.013852242744063324
443776,Brachial radiculitis,21,0.013852242744063324
373852,Neuralgia,21,0.013852242744063324
4110189,Cerebral infarct due to thrombosis of precerebral arteries,21,0.013852242744063324
437264,Tobacco dependence syndrome,21,0.013852242744063324
438698,"Malignant lymphoma of lymph nodes of head, face AND/OR neck",20,0.013192612137203165
436148,Chronic duodenal ulcer with hemorrhage but without obstruction,20,0.013192612137203165
35624677,Sebaceous cyst of skin,20,0.013192612137203165
379019,Conjunctivitis,20,0.013192612137203165
4002818,Spasm of back muscles,20,0.013192612137203165
4056006,Contusion of anterior abdominal wall,20,0.013192612137203165
4302739,Thigh pain,20,0.013192612137203165
4029488,Hepatic encephalopathy,20,0.013192612137203165
201519,Primary malignant neoplasm of liver,20,0.013192612137203165
313324,Cheyne-Stokes respiration,20,0.013192612137203165
4299417,Basal cell carcinoma of face,20,0.013192612137203165
196455,Hepatorenal syndrome,20,0.013192612137203165
74635,Lumbosacral radiculopathy,20,0.013192612137203165
434592,B-cell lymphoma (clinical),20,0.013192612137203165
197018,Chronic gastric ulcer with hemorrhage but without obstruction,20,0.013192612137203165
608180,Radiculopathy due to cervical spondylosis,20,0.013192612137203165
437233,Multiple myeloma,20,0.013192612137203165
374923,Bell's palsy,20,0.013192612137203165
23868,Congenital anomaly of esophagus,20,0.013192612137203165
4166844,Intraventricular conduction defect,19,0.012532981530343008
4266864,Abscess of neck,19,0.012532981530343008
378135,Facial nerve disorder,19,0.012532981530343008
318736,Migraine,19,0.012532981530343008
36684676,Dermatochalasis of left upper eyelid,19,0.012532981530343008
199876,Prolapse of female genital organs,19,0.012532981530343008
4117686,Rheumatoid arthritis of multiple joints,19,0.012532981530343008
36684613,Dermatochalasis of right upper eyelid,19,0.012532981530343008
4300557,Squamous cell carcinoma of skin of trunk,19,0.012532981530343008
194589,Primary malignant neoplasm of biliary tract,19,0.012532981530343008
320115,Mitral insufficiency and aortic stenosis,19,0.012532981530343008
44782735,Chronic deep venous thrombosis of lower extremity,19,0.012532981530343008
135030,Discoloration of skin,19,0.012532981530343008
196925,Secondary malignant neoplasm of retroperitoneum and peritoneum,19,0.012532981530343008
192568,Secondary malignant neoplasm of intra-abdominal lymph nodes,19,0.012532981530343008
439408,Graft complications,19,0.012532981530343008
439013,Insomnia disorder related to another mental disorder,18,0.011873350923482849
201265,Disorder of spleen,18,0.011873350923482849
4178810,Gastrointestinal complication of procedure,18,0.011873350923482849
194475,Hiccoughs,18,0.011873350923482849
40484532,Nonalcoholic steatohepatitis,18,0.011873350923482849
4245975,Hepatic failure,18,0.011873350923482849
4275889,Visual hallucinations,18,0.011873350923482849
37016889,Dissection of renal artery,18,0.011873350923482849
4001171,Liver cell carcinoma,18,0.011873350923482849
432843,Primary malignant neoplasm of tail of pancreas,18,0.011873350923482849
434467,Ostium secundum type atrial septal defect,18,0.011873350923482849
258449,Hemopericardium,18,0.011873350923482849
4164640,Blind right eye,18,0.011873350923482849
199856,Varicose veins of lower extremity with inflammation,18,0.011873350923482849
4082311,B-cell chronic lymphocytic leukemia,18,0.011873350923482849
4241908,Carcinoma in situ of skin of upper limb,18,0.011873350923482849
40487528,Non-Hodgkin's lymphoma of extranodal site,18,0.011873350923482849
40482236,Dehiscence of internal surgical wound,18,0.011873350923482849
4308835,Postoperative hematoma formation,18,0.011873350923482849
80767,Breast lump,18,0.011873350923482849
4268046,Left posterior fascicular block,17,0.011213720316622692
36716935,Acquired absence of cervix and uterus,17,0.011213720316622692
4130023,Atrophy of thyroid - acquired,17,0.011213720316622692
4184423,Scoliosis of lumbar spine,17,0.011213720316622692
4094822,Foreign body in respiratory tract,17,0.011213720316622692
200959,Secondary malignant neoplasm of intrapelvic lymph nodes,17,0.011213720316622692
433516,Duodenitis,17,0.011213720316622692
320073,Neutropenia,17,0.011213720316622692
4098611,Hyperuricemia without signs of inflammatory arthritis and tophaceous disease,17,0.011213720316622692
40483342,Acute exacerbation of bronchiectasis,17,0.011213720316622692
76349,Primary malignant neoplasm of urinary system,17,0.011213720316622692
40485490,Acute postthoracotomy pain syndrome,16,0.010554089709762533
37312105,Strain of rotator cuff of shoulder,16,0.010554089709762533
198401,Neoplasm of uncertain behavior of bladder,16,0.010554089709762533
141323,Acute maxillary sinusitis,16,0.010554089709762533
4320944,Cellulitis of toe,16,0.010554089709762533
4014781,Closed traumatic subdural hemorrhage,16,0.010554089709762533
37109050,Meibomian gland dysfunction of right eye,16,0.010554089709762533
40483171,Ulcer of anorectal structure,16,0.010554089709762533
4204781,Collapse of lumbar vertebra,16,0.010554089709762533
4265749,Meibomian gland dysfunction,16,0.010554089709762533
4135466,Hemothorax,16,0.010554089709762533
4220313,"Primary degenerative dementia of the Alzheimer type, senile onset",16,0.010554089709762533
442287,Rest pain,16,0.010554089709762533
40480160,Osteoporotic fracture,16,0.010554089709762533
439676,Coronavirus infection,16,0.010554089709762533
4150981,Drug resistance,16,0.010554089709762533
195851,"Gastric ulcer without hemorrhage, without perforation AND without obstruction",16,0.010554089709762533
376065,Disorder of nervous system due to type 2 diabetes mellitus,16,0.010554089709762533
436231,Abnormal findings diagnostic imaging of liver+biliary tract,16,0.010554089709762533
42537744,Transplanted cornea present,15,0.009894459102902374
4103532,Immune thrombocytopenia,15,0.009894459102902374
198400,Hemangioma of skin and subcutaneous tissue,15,0.009894459102902374
434293,Primary malignant neoplasm of body of pancreas,15,0.009894459102902374
437703,Closed fracture of intracapsular section of femur,15,0.009894459102902374
37205080,Disorder due to and following drug poisoning,15,0.009894459102902374
4181965,Chronic ulcer of foot,15,0.009894459102902374
316437,Cerebral atherosclerosis,15,0.009894459102902374
437116,Closed fracture of distal end of radius,15,0.009894459102902374
199860,Hernia of abdominal cavity,15,0.009894459102902374
4027384,Inflammatory disorder,15,0.009894459102902374
43530690,Foot ulcer due to type 2 diabetes mellitus,15,0.009894459102902374
198446,Embolism and thrombosis of the abdominal aorta,15,0.009894459102902374
43530625,Recurrent inguinal hernia,15,0.009894459102902374
443733,Disorder of eye due to type 2 diabetes mellitus,15,0.009894459102902374
312927,Acute cor pulmonale,15,0.009894459102902374
4025215,Emotional state finding,14,0.009234828496042216
4112852,Benign lipomatous tumor,14,0.009234828496042216
4327889,Thromboembolism of vein,14,0.009234828496042216
4308696,Pain due to internal prosthetic device,14,0.009234828496042216
434303,Benign neoplasm of rectum and anal canal,14,0.009234828496042216
254068,Disorder of upper respiratory system,14,0.009234828496042216
136184,Pruritus of skin,14,0.009234828496042216
195498,Benign neoplasm of kidney,14,0.009234828496042216
4111416,"Pulmonary incompetence, non-rheumatic",14,0.009234828496042216
320116,Acute pericarditis,14,0.009234828496042216
4150299,Localization-related idiopathic epilepsy,14,0.009234828496042216
256633,Primary malignant neoplasm of base of tongue,14,0.009234828496042216
43022059,Disease of non-coronary systemic artery,14,0.009234828496042216
4177206,Tubulointerstitial nephritis,14,0.009234828496042216
193688,Clostridioides difficile infection,14,0.009234828496042216
436996,Thoracoabdominal aortic aneurysm,14,0.009234828496042216
4095592,Malignant melanoma of scalp and/or neck,13,0.008575197889182058
434875,Secondary malignant neoplasm of mediastinum,13,0.008575197889182058
4057953,Acute gastric ulcer with perforation,13,0.008575197889182058
40489908,Sepsis due to Streptococcus,13,0.008575197889182058
31602,Disorder of the larynx,13,0.008575197889182058
4031106,Melanocytic nevus of face,13,0.008575197889182058
75634,Fracture malunion,13,0.008575197889182058
46270376,Acute exacerbation of chronic obstructive bronchitis,13,0.008575197889182058
4043371,Inflammatory disorder of digestive tract,13,0.008575197889182058
81931,Psoriasis with arthropathy,13,0.008575197889182058
4201705,Sequela of disorder,13,0.008575197889182058
137350,Radiation dermatitis,13,0.008575197889182058
443236,Hypnotic or anxiolytic dependence,13,0.008575197889182058
759860,Cellulitis of left upper limb,13,0.008575197889182058
4203555,Collapse of thoracic vertebra,13,0.008575197889182058
198191,Acquired hypertrophic pyloric stenosis,13,0.008575197889182058
438878,Liver function tests abnormal,12,0.0079155672823219
46271778,Cytokine release syndrome,12,0.0079155672823219
444130,Injury of foot,12,0.0079155672823219
315361,Orthopnea,12,0.0079155672823219
4239381,Psychoactive substance abuse,12,0.0079155672823219
375519,Alcohol withdrawal syndrome,12,0.0079155672823219
133424,Primary malignant neoplasm of thyroid gland,12,0.0079155672823219
435775,Genetic anomaly of leukocyte,12,0.0079155672823219
200450,Disorder of urethra,12,0.0079155672823219
4211231,Panic disorder without agoraphobia,12,0.0079155672823219
4290976,Temporal arteritis,12,0.0079155672823219
376229,Abnormal involuntary movement,12,0.0079155672823219
4024301,Neurotoxicity,12,0.0079155672823219
4091901,Aberrant premature complexes,12,0.0079155672823219
4028073,Disorder of artery of neck,12,0.0079155672823219
4151134,Cyst of pancreas,12,0.0079155672823219
139906,Intervertebral disc disorder of cervical region with myelopathy,12,0.0079155672823219
40481089,Embolism from thrombosis of vein of lower extremity,12,0.0079155672823219
440979,Acquired hemolytic anemia,12,0.0079155672823219
436677,Adjustment disorder,12,0.0079155672823219
199078,Vaginal wall prolapse,12,0.0079155672823219
36712821,Postprocedural infection,12,0.0079155672823219
435956,Closed fracture of base of neck of femur,12,0.0079155672823219
43531028,Mononeuropathy of lower limb,12,0.0079155672823219
442111,Benign neoplasm of ascending colon,12,0.0079155672823219
201352,Gallbladder calculus with acute cholecystitis and obstruction,12,0.0079155672823219
4260535,Diverticulitis of large intestine,12,0.0079155672823219
373449,Drug-induced delirium,12,0.0079155672823219
436043,Overlapping malignant neoplasm of tongue,12,0.0079155672823219
194175,Left upper quadrant pain,12,0.0079155672823219
4153890,Malignant melanoma of trunk,12,0.0079155672823219
437220,Primary malignant neoplasm of ventral surface of tongue,12,0.0079155672823219
441225,Primary malignant neoplasm of ampulla of Vater,12,0.0079155672823219
40492482,Squamous cell carcinoma of nose,12,0.0079155672823219
141825,Simple goiter,12,0.0079155672823219
378087,Secondary malignant neoplasm of brain and spinal cord,11,0.007255936675461741
198402,Neoplasm of uncertain behavior of kidney,11,0.007255936675461741
201901,Abscess of liver,11,0.007255936675461741
45763549,Bilateral tinnitus,11,0.007255936675461741
80045,Primary malignant neoplasm of anus,11,0.007255936675461741
432895,Cortical senile cataract,11,0.007255936675461741
4092538,Herpesviral vesicular dermatitis,11,0.007255936675461741
4211974,Acute viral hepatitis,11,0.007255936675461741
4246127,Malignant neoplasm of liver,11,0.007255936675461741
4124693,Hypertrophic cardiomyopathy,11,0.007255936675461741
444206,Arthropathy of pelvis,11,0.007255936675461741
195847,Gastroparesis syndrome,11,0.007255936675461741
381295,Senile cataract,11,0.007255936675461741
381021,Lagophthalmos,11,0.007255936675461741
4116241,Squamous cell carcinoma of anal margin,11,0.007255936675461741
42536696,Contusion of head,11,0.007255936675461741
4230641,Chronic pansinusitis,11,0.007255936675461741
438688,Sarcoidosis,11,0.007255936675461741
195603,Vulval and/or perineal noninflammatory disorders,11,0.007255936675461741
139766,Carcinoma in situ of scalp and skin of neck,11,0.007255936675461741
441737,Contusion,11,0.007255936675461741
42514443,"Neoplasm defined only by topography: Upper lobe, lung",11,0.007255936675461741
4204991,Lichen simplex chronicus,11,0.007255936675461741
4148906,Spontaneous subarachnoid hemorrhage,11,0.007255936675461741
4035611,Seropositive rheumatoid arthritis,11,0.007255936675461741
4069935,Idiopathic scoliosis,11,0.007255936675461741
4168213,Chest pain on breathing,10,0.0065963060686015824
376966,Exudative age-related macular degeneration,10,0.0065963060686015824
199065,Stricture of ureter,10,0.0065963060686015824
4134162,Subarachnoid hemorrhage due to traumatic injury,10,0.0065963060686015824
72715,Exostosis,10,0.0065963060686015824
438170,Acute myocardial infarction of inferior wall,10,0.0065963060686015824
438693,Primary malignant neoplasm of mediastinum,10,0.0065963060686015824
4266188,Disorder of body wall,10,0.0065963060686015824
197950,Cellulitis and abscess of trunk,10,0.0065963060686015824
4243445,Benign neoplasm of pancreas,10,0.0065963060686015824
198678,Intestinal infectious disease,10,0.0065963060686015824
4196433,Senile dementia of the Lewy body type,10,0.0065963060686015824
444457,Benign neoplasm of rectum,10,0.0065963060686015824
434281,Aspergillosis,10,0.0065963060686015824
40483134,Strain of muscle and/or tendon of thigh,10,0.0065963060686015824
45768964,Uncomplicated moderate persistent asthma,10,0.0065963060686015824
141960,Skin finding,10,0.0065963060686015824
600858,Nontraumatic hematoma of soft tissue,10,0.0065963060686015824
80593,Urinary complication,10,0.0065963060686015824
81696,Closed fracture of acetabulum,10,0.0065963060686015824
74719,Ulcer of foot,10,0.0065963060686015824
26052,Primary malignant neoplasm of larynx,10,0.0065963060686015824
140708,Myelopathy due to another disorder,10,0.0065963060686015824
4232181,Chronic duodenal ulcer with hemorrhage,10,0.0065963060686015824
4058219,"Abrasion, forearm area",9,0.005936675461741424
44783016,Calculus of gallbladder with acute and chronic cholecystitis,9,0.005936675461741424
44783760,Mammographic calcification of breast,9,0.005936675461741424
4176898,Complication of urinary catheter,9,0.005936675461741424
45772786,Cerebral infarction due to embolism of middle cerebral artery,9,0.005936675461741424
77965,Acquired trigger finger,9,0.005936675461741424
195480,Primary malignant neoplasm of renal pelvis,9,0.005936675461741424
379801,Trigeminal neuralgia,9,0.005936675461741424
376713,Cerebral hemorrhage,9,0.005936675461741424
4066371,Cellulitis and abscess of lower leg,9,0.005936675461741424
80269,Mechanical complication of internal joint prosthesis,9,0.005936675461741424
443412,Type 1 diabetes mellitus without complication,9,0.005936675461741424
378165,Nystagmus,9,0.005936675461741424
196433,Aneurysm of iliac artery,9,0.005936675461741424
81239,Primary malignant neoplasm of upper limb,9,0.005936675461741424
4185356,Kyphosis of thoracic spine,9,0.005936675461741424
440005,Complication of medical care,9,0.005936675461741424
435506,Benign neoplastic disease,8,0.005277044854881266
4063581,Drug-induced systemic lupus erythematosus,8,0.005277044854881266
437584,Ataxia,8,0.005277044854881266
443460,Pathological fracture of femur,8,0.005277044854881266
77066,Derangement of medial meniscus,8,0.005277044854881266
435262,Primary open angle glaucoma,8,0.005277044854881266
432798,"Mechanical complication of internal orthopedic device, implant AND/OR graft",8,0.005277044854881266
4345578,Rhabdomyolysis,8,0.005277044854881266
40479594,Periprosthetic fracture,8,0.005277044854881266
134681,Diffuse spasm of esophagus,8,0.005277044854881266
42514479,Neoplasm defined only by topography: Prostate gland,8,0.005277044854881266
201603,Disorder of teeth AND/OR supporting structures,8,0.005277044854881266
443344,Barrett's esophagus,8,0.005277044854881266
4134603,Vascular disorder of intestine,8,0.005277044854881266
316084,Lymphadenitis,8,0.005277044854881266
436042,Primary malignant neoplasm of anterior two-thirds of tongue,8,0.005277044854881266
258375,Overlapping malignant neoplasm of bronchus and lung,8,0.005277044854881266
440129,Hypertrophy of nasal turbinates,8,0.005277044854881266
444211,Disorder of thigh,8,0.005277044854881266
77987,Respiratory finding of chest,8,0.005277044854881266
4268622,Stricture of esophagus,8,0.005277044854881266
320342,Secondary malignant neoplasm of lymph nodes of multiple sites,8,0.005277044854881266
257583,Allergic bronchopulmonary aspergillosis,8,0.005277044854881266
194997,Prostatitis,7,0.004617414248021108
4234480,Arteriovenous fistula,7,0.004617414248021108
4242816,Benign neoplasm of pituitary gland,7,0.004617414248021108
36712827,Dehiscence of external surgical incision wound,7,0.004617414248021108
436278,Contusion of thigh,7,0.004617414248021108
442256,Disorder of bursa of shoulder region,7,0.004617414248021108
443200,Nervous system symptoms,7,0.004617414248021108
43021410,Breakage of internal fixation device,7,0.004617414248021108
136834,Closed intertrochanteric fracture,7,0.004617414248021108
74396,Temporomandibular joint disorder,7,0.004617414248021108
81878,Benign paroxysmal positional vertigo,7,0.004617414248021108
4049623,"Moderate major depression, single episode",7,0.004617414248021108
4042836,Disorder of head,7,0.004617414248021108
46270470,Primary chronic gout without tophus of ankle and/or foot,7,0.004617414248021108
73574,Nonunion of fracture,7,0.004617414248021108
75941,Closed fracture of one rib,7,0.004617414248021108
259848,Chronic rhinitis,7,0.004617414248021108
4296611,Chronic gastric ulcer without hemorrhage AND without perforation,7,0.004617414248021108
4131422,Neoplasm of intra-abdominal lymph nodes,7,0.004617414248021108
4098597,Waldenstrm macroglobulinemia,7,0.004617414248021108
376382,Tension-type headache,7,0.004617414248021108
433440,Dysthymia,7,0.004617414248021108
200445,Chronic prostatitis,7,0.004617414248021108
372309,Mononeuritis,7,0.004617414248021108
43530687,Dysarthria as late effects of cerebrovascular disease,7,0.004617414248021108
435790,Secondary polycythemia,7,0.004617414248021108
4260194,Photophobia,6,0.00395778364116095
4168796,Muscle strain,6,0.00395778364116095
437064,Chondrocalcinosis,6,0.00395778364116095
4289526,Nonulcer dyspepsia,6,0.00395778364116095
372925,Cholesteatoma,6,0.00395778364116095
440385,Obstructive hydrocephalus,6,0.00395778364116095
40305987,Delayed union of fracture,6,0.00395778364116095
194403,Obstructed diaphragmatic hernia,6,0.00395778364116095
440276,"Infection AND/OR inflammatory reaction due to internal prosthetic device, implant AND/OR graft",6,0.00395778364116095
374028,Age related macular degeneration,6,0.00395778364116095
439620,Late effect of accidental injury,6,0.00395778364116095
440072,Hypogammaglobulinemia,6,0.00395778364116095
4194160,Thyroid function tests abnormal,6,0.00395778364116095
435516,Lipoprotein deficiency disorder,6,0.00395778364116095
257581,Acute asthma,6,0.00395778364116095
79768,Neoplasm of urinary system,6,0.00395778364116095
40481091,Partial edentulism,6,0.00395778364116095
441561,Low tension glaucoma,6,0.00395778364116095
4322945,Spinal cord compression,6,0.00395778364116095
40481816,Infection by methicillin sensitive Staphylococcus aureus,6,0.00395778364116095
4138412,Fracture of proximal end of femur,6,0.00395778364116095
193666,Injury of hip region,6,0.00395778364116095
381001,Subjective visual disturbance,6,0.00395778364116095
380701,Diffuse Lewy body disease,6,0.00395778364116095
40490888,Herniation of rectum into vagina,6,0.00395778364116095
77025,Diverticulitis of colon,6,0.00395778364116095
376647,Primary malignant neoplasm of soft tissues,6,0.00395778364116095
321689,Apnea,5,0.0032981530343007912
4143698,Streptococcus agalactiae infection,5,0.0032981530343007912
373499,Disorder of eye region,5,0.0032981530343007912
196726,Gallbladder calculus with acute cholecystitis and no obstruction,5,0.0032981530343007912
4130851,Injury of upper extremity,5,0.0032981530343007912
321483,Respiratory complication,5,0.0032981530343007912
377254,"Multi-infarct dementia, uncomplicated",5,0.0032981530343007912
4303401,Finding reported by subject or history provider,5,0.0032981530343007912
376115,Cystoid macular retinal degeneration,5,0.0032981530343007912
255348,Polymyalgia rheumatica,5,0.0032981530343007912
437828,Disorder of calcium metabolism,5,0.0032981530343007912
4311159,Midline cystocele,5,0.0032981530343007912
193874,Nocturnal enuresis,5,0.0032981530343007912
439404,Primary malignant neoplasm of oral cavity,5,0.0032981530343007912
194385,Aneurysm of renal artery,5,0.0032981530343007912
42536547,Ischemia of kidney,5,0.0032981530343007912
196734,Disorder of prostate,4,0.002638522427440633
192606,Paraplegia,4,0.002638522427440633
37018293,Inflammatory disorder of jaw region,4,0.002638522427440633
443730,Disorder of nervous system due to diabetes mellitus,4,0.002638522427440633
40480429,Hemiplegia of nondominant side,4,0.002638522427440633
441875,Thoracic aortic aneurysm which has ruptured,4,0.002638522427440633
435802,Blepharospasm,4,0.002638522427440633
440142,Disorder of mediastinum,4,0.002638522427440633
141663,Osteomyelitis,4,0.002638522427440633
22340,Esophageal varices without bleeding,4,0.002638522427440633
4317827,Neoplasm of uncertain behavior of tongue,4,0.002638522427440633
375547,Anisometropia,4,0.002638522427440633
3661408,Pneumonia caused by SARS-CoV-2,4,0.002638522427440633
438367,Primary malignant neoplasm of nasal cavity,4,0.002638522427440633
4234788,Irritable bowel syndrome characterized by alternating bowel habit,4,0.002638522427440633
4053600,Open wound of elbow,4,0.002638522427440633
4219836,Contusion of ocular adnexa and periocular tissues,4,0.002638522427440633
140090,Lesion of median nerve,4,0.002638522427440633
43530719,Incomplete paraplegia,4,0.002638522427440633
4160055,Clonic hemifacial spasm,4,0.002638522427440633
381290,Ocular hypertension,4,0.002638522427440633
4216644,Rectal polyp,4,0.002638522427440633
4043731,Infarction - precerebral,4,0.002638522427440633
312723,Congenital heart disease,4,0.002638522427440633
441428,Closed fracture of lateral malleolus,3,0.001978891820580475
379769,Benign neoplasm of brain,3,0.001978891820580475
444459,Benign neoplasm of sigmoid colon,3,0.001978891820580475
4309912,Generally unwell,3,0.001978891820580475
29056,Sialoadenitis,3,0.001978891820580475
198091,Primary malignant neoplasm of retroperitoneum,3,0.001978891820580475
435783,Schizophrenia,3,0.001978891820580475
4311629,Impaired glucose tolerance,3,0.001978891820580475
194992,Celiac disease,3,0.001978891820580475
316795,Congenital anomaly of peripheral blood vessel,3,0.001978891820580475
441284,Open-angle glaucoma,3,0.001978891820580475
443788,Peritoneal adhesions with obstruction,3,0.001978891820580475
43021250,Complication associated with orthopedic device,3,0.001978891820580475
40492392,Closed fracture of fibula,3,0.001978891820580475
4128827,Voice production finding,3,0.001978891820580475
435082,Closed fracture of nasal bones,3,0.001978891820580475
42539502,Transplanted kidney present,3,0.001978891820580475
23986,Disorder of pituitary gland,3,0.001978891820580475
4215402,Primary insomnia,3,0.001978891820580475
200051,Primary malignant neoplasm of ovary,3,0.001978891820580475
440556,Closed transcervical fracture of femur,3,0.001978891820580475
4288676,Acute and chronic cholecystitis,3,0.001978891820580475
441521,Malignant lymphoma of lymph nodes of axilla AND/OR upper limb,3,0.001978891820580475
45768963,Uncomplicated mild persistent asthma,3,0.001978891820580475
132277,Neoplasm of uncertain behavior of endocrine glands and nervous system,3,0.001978891820580475
4185932,Ischemic heart disease,3,0.001978891820580475
73008,Enthesopathy,3,0.001978891820580475
81893,Ulcerative colitis,3,0.001978891820580475
4297894,Greater trochanteric pain syndrome,3,0.001978891820580475
435988,"Motor vehicle accident, driver",2,0.0013192612137203166
194878,Nodular lymphoma of extranodal AND/OR solid organ site,2,0.0013192612137203166
135204,Mycosis fungoides of extranodal AND/OR solid organ site,2,0.0013192612137203166
40481303,Aphonia,2,0.0013192612137203166
4193620,"Keratoconjunctivitis sicca, in Sjgren's syndrome",2,0.0013192612137203166
375800,Dystonia,2,0.0013192612137203166
4299418,Basal cell carcinoma of lower extremity,2,0.0013192612137203166
377877,Esotropia,2,0.0013192612137203166
43531003,Essential tremor,2,0.0013192612137203166
78200,Benign mammary dysplasia,2,0.0013192612137203166
197593,Impaction of intestine,2,0.0013192612137203166
443608,Bilateral sensory hearing loss,2,0.0013192612137203166
381572,Abducens nerve palsy,2,0.0013192612137203166
4067766,Pathologic fracture of bone at site of neoplasm,1,0.0006596306068601583
193020,Incomplete emptying of bladder,1,0.0006596306068601583
321876,Disorder of capillaries,1,0.0006596306068601583
4013604,Closed fracture lumbar vertebra,1,0.0006596306068601583
4288370,Severe visual impairment,1,0.0006596306068601583
43021779,Hearing loss of left ear,1,0.0006596306068601583
434494,Closed fracture of upper end of humerus,1,0.0006596306068601583
381537,Organic anxiety disorder,1,0.0006596306068601583
192836,Primary malignant neoplasm of small intestine,1,0.0006596306068601583
